{
  "best_equity": 1.2052486670502387,
  "last_equity": 0.8483079182005117,
  "episodes": 250,
  "policy": {
    "(0, 0, 0)": 0,
    "(0, 0, 1)": 0,
    "(0, 0, 2)": 1,
    "(0, 1, 0)": 0,
    "(0, 1, 1)": 0,
    "(0, 1, 2)": 0,
    "(0, 2, 0)": 0,
    "(0, 2, 1)": 0,
    "(0, 2, 2)": 2,
    "(1, 0, 0)": 1,
    "(1, 0, 1)": 2,
    "(1, 0, 2)": 1,
    "(1, 1, 0)": 0,
    "(1, 1, 1)": 0,
    "(1, 1, 2)": 0,
    "(1, 2, 0)": 2,
    "(1, 2, 1)": 0,
    "(1, 2, 2)": 2,
    "(2, 0, 0)": 2,
    "(2, 0, 1)": 2,
    "(2, 0, 2)": 0,
    "(2, 1, 0)": 0,
    "(2, 1, 1)": 0,
    "(2, 1, 2)": 0,
    "(2, 2, 0)": 0,
    "(2, 2, 1)": 1,
    "(2, 2, 2)": 2
  }
}